cue_id,source_family,acquisition_role_hint,source_category,commons_pageid,commons_title,source_page_url,media_url,thumbnail_url,media_type,width,height,creator,license_short,license_url,usage_terms,attribution,credit,description,date_time_original,retrieved_at,acquisition_only_not_ground_truth,short_side,flag_low_resolution,flag_tiny,flag_non_raster,flag_missing_creator,flag_missing_description,flag_missing_source_url,flag_missing_thumbnail,flag_nonstandard_license,flag_archival_or_diagram,technical_pass,n_hard_flags,n_soft_flags,manual_review_priority
commons-0037,shinto,household_display,Category:Kamidana,37271,File:Kamidana.jpg,https://commons.wikimedia.org/wiki/File:Kamidana.jpg,https://upload.wikimedia.org/wikipedia/commons/c/cc/Kamidana.jpg?utm_source=commons.wikimedia.org&utm_campaign=imageinfo&utm_content=original,https://upload.wikimedia.org/wikipedia/commons/c/cc/Kamidana.jpg?utm_source=commons.wikimedia.org&utm_campaign=imageinfo&utm_content=thumbnail_unscaled,image/jpeg,400,249,,CC BY-SA 3.0,http://creativecommons.org/licenses/by-sa/3.0/,Creative Commons Attribution-Share Alike 3.0,,,,,2026-09-23T09:57:56.351731+00:00,True,249,True,True,False,True,True,False,False,False,False,False,1,2,12
commons-0184,buddhist,architecture_context,Category:Buddhist temples in Japan,11509208,File:Moya hisashi.svg,https://commons.wikimedia.org/wiki/File:Moya_hisashi.svg,https://upload.wikimedia.org/wikipedia/commons/2/27/Moya_hisashi.svg?utm_source=commons.wikimedia.org&utm_campaign=imageinfo&utm_content=original,https://thumb.wikimedia.org/wikipedia/commons/thumb/2/27/Moya_hisashi.svg/960px-Moya_hisashi.svg.png?utm_source=commons.wikimedia.org&utm_campaign=imageinfo&utm_content=thumbnail,image/svg+xml,600,600,Urashimataro,CC BY-SA 3.0,https://creativecommons.org/licenses/by-sa/3.0,Creative Commons Attribution-Share Alike 3.0,,Own work,"A drawing showing the floor plan of a Zen butsuden, with a 1-ken hisashi areound the moya (core) of the building.","Sepàtember 17, 2009",2026-09-23T09:57:56.351731+00:00,True,600,True,False,True,False,False,False,False,False,True,False,2,1,11
commons-0202,christian,architecture_context,Category:Churches in Japan,163406246,"File:Postkaart met foto van een kerk in puin na de aardbeving van 1923 te Japan, asset tMhaSMGYfVZHUaKsXJJpC60b.tif","https://commons.wikimedia.org/wiki/File:Postkaart_met_foto_van_een_kerk_in_puin_na_de_aardbeving_van_1923_te_Japan,_asset_tMhaSMGYfVZHUaKsXJJpC60b.tif",https://upload.wikimedia.org/wikipedia/commons/3/37/Postkaart_met_foto_van_een_kerk_in_puin_na_de_aardbeving_van_1923_te_Japan%2C_asset_tMhaSMGYfVZHUaKsXJJpC60b.tif?utm_source=commons.wikimedia.org&utm_campaign=imageinfo&utm_content=original,https://thumb.wikimedia.org/wikipedia/commons/thumb/3/37/Postkaart_met_foto_van_een_kerk_in_puin_na_de_aardbeving_van_1923_te_Japan%2C_asset_tMhaSMGYfVZHUaKsXJJpC60b.tif/lossy-page1-960px-Postkaart_met_foto_van_een_kerk_in_puin_na_de_aardbeving_van_1923_te_Japan%2C_asset_tMhaSMGYfVZHUaKsXJJpC60b.tif.jpg?utm_source=commons.wikimedia.org&utm_campaign=imageinfo&utm_content=thumbnail,image/tiff,1455,2208,Unknown author Unknown author,CC0,http://creativecommons.org/publicdomain/zero/1.0/deed.en,"Creative Commons Zero, Public Domain Dedication",,https://dams.antwerpen.be/asset/tMhaSMGYfVZHUaKsXJJpC60b,Title: Postkaart met foto van een kerk in puin na de aardbeving van 1923 te Japan Format original: hoogte 13.8 cm (geheel) breedte 9 cm (geheel) Type: ansichtkaart Category: uit de museumcollecties van MAS,Unknown date,2026-09-23T09:57:56.351731+00:00,True,1455,False,False,True,False,False,False,False,False,True,False,1,1,11
commons-0260,secular_control,street_context,Category:Streets in Kyoto,53546022,"File:Bamboo Grove, Kioto (3109908165).jpg","https://commons.wikimedia.org/wiki/File:Bamboo_Grove,_Kioto_(3109908165).jpg",https://upload.wikimedia.org/wikipedia/commons/9/99/Bamboo_Grove%2C_Kioto_%283109908165%29.jpg?utm_source=commons.wikimedia.org&utm_campaign=imageinfo&utm_content=original,https://upload.wikimedia.org/wikipedia/commons/9/99/Bamboo_Grove%2C_Kioto_%283109908165%29.jpg?utm_source=commons.wikimedia.org&utm_campaign=imageinfo&utm_content=thumbnail_unscaled,image/jpeg,606,760,New York Public Library,No restrictions,https://www.flickr.com/commons/usage/,No known copyright restrictions,,https://www.flickr.com/photos/nypl/3109908165/,"Digital ID: 110011. 189-? Source: [Album of photographs of Japan.] ( http://digitalgallery.nypl.org/nypldigital/explore/?col_id=169 ) Repository: The New York Public Library. Photography Collection, Miriam and Ira D. Wallach Division of Art, Prints and Photographs. See more information about http://digitalgallery.nypl.org/nypldigital/id?110011 and others at http://digitalgallery.nypl.org . Persistent URL: http://digitalgallery.nypl.org/nypldigital/id?110011 Rights Info: No known copyright restrictions; may be subject to third party rights (for more information, http://www.nypl.org/node/8314 )",2008-12-15 06:28:58,2026-09-23T09:57:56.351731+00:00,True,606,True,False,False,False,False,False,False,True,True,False,2,1,11
commons-0282,secular_control,household_display,Category:Tokonoma,114700452,File:AN EIGHT-MATTED PARLOUR. (1910) - illustration - page 047.png,https://commons.wikimedia.org/wiki/File:AN_EIGHT-MATTED_PARLOUR._(1910)_-_illustration_-_page_047.png,https://upload.wikimedia.org/wikipedia/commons/6/6f/AN_EIGHT-MATTED_PARLOUR._%281910%29_-_illustration_-_page_047.png?utm_source=commons.wikimedia.org&utm_campaign=imageinfo&utm_content=original,https://thumb.wikimedia.org/wikipedia/commons/thumb/6/6f/AN_EIGHT-MATTED_PARLOUR._%281910%29_-_illustration_-_page_047.png/960px-AN_EIGHT-MATTED_PARLOUR._%281910%29_-_illustration_-_page_047.png?utm_source=commons.wikimedia.org&utm_campaign=imageinfo&utm_content=thumbnail,image/png,1181,751,Unknown engraver,Public domain,,Public domain,,https://www.gutenberg.org/ebooks/65870,"Illustration from page 047 of AN EIGHT-MATTED PARLOUR. . Image reference: ""11"" Caption: ""AN EIGHT-MATTED PARLOUR.""",1910,2026-09-23T09:57:56.351731+00:00,True,751,True,False,False,False,False,False,False,False,True,False,1,1,11
commons-0006,shinto,threshold,Category:Torii in Japan,43961366,File:Japan and the Japanese illustrated (1874) (14779505494).jpg,https://commons.wikimedia.org/wiki/File:Japan_and_the_Japanese_illustrated_(1874)_(14779505494).jpg,https://upload.wikimedia.org/wikipedia/commons/4/4b/Japan_and_the_Japanese_illustrated_%281874%29_%2814779505494%29.jpg?utm_source=commons.wikimedia.org&utm_campaign=imageinfo&utm_content=original,https://thumb.wikimedia.org/wikipedia/commons/thumb/4/4b/Japan_and_the_Japanese_illustrated_%281874%29_%2814779505494%29.jpg/960px-Japan_and_the_Japanese_illustrated_%281874%29_%2814779505494%29.jpg?utm_source=commons.wikimedia.org&utm_campaign=imageinfo&utm_content=thumbnail,image/jpeg,1852,1432,Internet Archive Book Images,No restrictions,https://www.flickr.com/commons/usage/,No known copyright restrictions,,https://www.flickr.com/photos/internetarchivebookimages/14779505494/ Source book page: https://archive.org/stream/japanjapaneseill00humb/japanjapaneseill00humb#page/n204/mode/1up,"Identifier : japanjapaneseill00humb ( find matches ) Title : Japan and the Japanese illustrated Year : 1874 ( 1870s ) Authors : Humbert, Aimé, 1819-1900 Bates, Henry Walter, 1825-1892 Hoey, Frances Cashel, 1830-1908 Subjects : Publisher : London : R. Bentley & son Contributing Library : University of California Libraries Digitizing Sponsor : Internet Archive View Book Page : Book Viewer About This Book : Catalog Entry View All Images : All Images From Book Click here to view book online to see this illustration in context in a browseable online version of this book. Text Appearing Before Image: fA. 181 bortlered with fine trees, whose interlacing brancliea form arcades like that of a Gothic^(^athedral. Through their foliage we distinguished a wide stone staircase, the suniuiitlost amid verdure. We ascended the staircase, wliith consists of one hundred steps very regularlylaid, to the top of the hill. On the right is another road, which crosses the Text Appearing After Image: ^■L^tiCbn^.: OUE.Vr TOKI UF ArA(ii>SA-YAMA. wooded slopes, and is composed of a series of staircases, with flat terraces providedwith irjwsoirs. A dilapidated oratory with two insignificant idols—one standing upon a lotus, theother seated upon a tortoise—with long covered galleries surrounding the tea-houses,occupies the summit of Atagosa-yama. The young waitresses of the house hasten to 182 LIFE IN JAPAN. serve lis with refreshments, and we take a few minvites rest before we approach thepavilions at the two extremities of the terrace. At length the moment has come when wc shall get a complete view of the greatcity. We begin at the southern pavilion, and we are at first dazzled by the extentand brilliancy of the picture. The sun is going down to the horizon in a cloudless Note About Images Please note that these images are extracted from scanned page images that may have been digitally enhanced for readability - coloration and appearance of these illustrations may not perfectly resemble the original work.",1874,2026-09-23T09:57:56.351731+00:00,True,1432,False,False,False,False,False,False,False,True,True,False,1,1,11
commons-0007,shinto,threshold,Category:Torii in Japan,50048617,"File:The big torii at Itsukushima, Aki (NYPL Hades-2360075-4043874).tiff","https://commons.wikimedia.org/wiki/File:The_big_torii_at_Itsukushima,_Aki_(NYPL_Hades-2360075-4043874).tiff",https://upload.wikimedia.org/wikipedia/commons/7/76/The_big_torii_at_Itsukushima%2C_Aki_%28NYPL_Hades-2360075-4043874%29.tiff?utm_source=commons.wikimedia.org&utm_campaign=imageinfo&utm_content=original,https://thumb.wikimedia.org/wikipedia/commons/thumb/7/76/The_big_torii_at_Itsukushima%2C_Aki_%28NYPL_Hades-2360075-4043874%29.tiff/lossy-page1-960px-The_big_torii_at_Itsukushima%2C_Aki_%28NYPL_Hades-2360075-4043874%29.tiff.jpg?utm_source=commons.wikimedia.org&utm_campaign=imageinfo&utm_content=thumbnail,image/tiff,6732,5077,Scan by NYPL,Public domain,,Public domain,,https://digitalcollections.nypl.org/items/c260bdb3-9b58-4552-e040-e00a18066d81,"The big torii at Itsukushima, Aki.",1907,2026-09-23T09:57:56.351731+00:00,True,5077,False,False,True,False,False,False,False,False,True,False,1,1,11
commons-0008,shinto,threshold,Category:Torii in Japan,50048737,File:Fuji from Omiya (NYPL Hades-2360088-4043887).tiff,https://commons.wikimedia.org/wiki/File:Fuji_from_Omiya_(NYPL_Hades-2360088-4043887).tiff,https://upload.wikimedia.org/wikipedia/commons/a/a4/Fuji_from_Omiya_%28NYPL_Hades-2360088-4043887%29.tiff?utm_source=commons.wikimedia.org&utm_campaign=imageinfo&utm_content=original,https://thumb.wikimedia.org/wikipedia/commons/thumb/a/a4/Fuji_from_Omiya_%28NYPL_Hades-2360088-4043887%29.tiff/lossy-page1-960px-Fuji_from_Omiya_%28NYPL_Hades-2360088-4043887%29.tiff.jpg?utm_source=commons.wikimedia.org&utm_campaign=imageinfo&utm_content=thumbnail,image/tiff,6732,5077,Scan by NYPL,Public domain,,Public domain,,https://digitalcollections.nypl.org/items/c260bdb3-9b65-4552-e040-e00a18066d81,Fuji from Omiya.,1907,2026-09-23T09:57:56.351731+00:00,True,5077,False,False,True,False,False,False,False,False,True,False,1,1,11
commons-0131,buddhist,small_wayside_structure,Category:Jizō-dō,10554971,File:NaraJizoutouge-odou20100605.JPG,https://commons.wikimedia.org/wiki/File:NaraJizoutouge-odou20100605.JPG,https://upload.wikimedia.org/wikipedia/commons/d/d6/NaraJizoutouge-odou20100605.JPG?utm_source=commons.wikimedia.org&utm_campaign=imageinfo&utm_content=original,https://upload.wikimedia.org/wikipedia/commons/d/d6/NaraJizoutouge-odou20100605.JPG?utm_source=commons.wikimedia.org&utm_campaign=imageinfo&utm_content=thumbnail_unscaled,image/jpeg,480,640,ys1979,Public domain,,Public domain,,作成者が撮影,奈良県吉野郡黒滝村地蔵峠にある地蔵堂,2010-06-05,2026-09-23T09:57:56.351731+00:00,True,480,True,True,False,False,False,False,False,False,False,False,1,0,10
commons-0148,buddhist,household_display,Category:Butsudan,1398809,File:Butsudan at ShinDo Buddhist Temple.jpg,https://commons.wikimedia.org/wiki/File:Butsudan_at_ShinDo_Buddhist_Temple.jpg,https://upload.wikimedia.org/wikipedia/commons/a/aa/Butsudan_at_ShinDo_Buddhist_Temple.jpg?utm_source=commons.wikimedia.org&utm_campaign=imageinfo&utm_content=original,https://upload.wikimedia.org/wikipedia/commons/a/aa/Butsudan_at_ShinDo_Buddhist_Temple.jpg?utm_source=commons.wikimedia.org&utm_campaign=imageinfo&utm_content=thumbnail_unscaled,image/jpeg,424,640,No machine-readable author provided. Gakuro assumed (based on copyright claims).,CC BY-SA 3.0,http://creativecommons.org/licenses/by-sa/3.0/,Creative Commons Attribution-Share Alike 3.0,,No machine-readable source provided. Own work assumed (based on copyright claims).,Butsudan at ShinDo Buddhist Temple Photograph by Gakuro,24 November 2006 (original upload date),2026-09-23T09:57:56.351731+00:00,True,424,True,True,False,False,False,False,False,False,False,False,1,0,10
commons-0153,buddhist,household_display,Category:Butsudan,19038327,File:Butsudan Kyoto March 2011.JPG,https://commons.wikimedia.org/wiki/File:Butsudan_Kyoto_March_2011.JPG,https://upload.wikimedia.org/wikipedia/commons/3/35/Butsudan_Kyoto_March_2011.JPG?utm_source=commons.wikimedia.org&utm_campaign=imageinfo&utm_content=original,https://upload.wikimedia.org/wikipedia/commons/3/35/Butsudan_Kyoto_March_2011.JPG?utm_source=commons.wikimedia.org&utm_campaign=imageinfo&utm_content=thumbnail_unscaled,image/jpeg,334,500,Lindsaywburnette,CC BY-SA 3.0,https://creativecommons.org/licenses/by-sa/3.0,Creative Commons Attribution-Share Alike 3.0,,Own work,"Photograph of a Butsudan, a Buddhist shrine for ancestor worship, taken in Yawata, Kyoto",2011-03-02,2026-09-23T09:57:56.351731+00:00,True,334,True,True,False,False,False,False,False,False,False,False,1,0,10
commons-0171,buddhist,votive_object,Category:Ema (Buddhism),33699593,File:Ema with Tachibana (Tendaiji Ninohe).jpg,https://commons.wikimedia.org/wiki/File:Ema_with_Tachibana_(Tendaiji_Ninohe).jpg,https://upload.wikimedia.org/wikipedia/commons/0/08/Ema_with_Tachibana_%28Tendaiji_Ninohe%29.jpg?utm_source=commons.wikimedia.org&utm_campaign=imageinfo&utm_content=original,https://upload.wikimedia.org/wikipedia/commons/0/08/Ema_with_Tachibana_%28Tendaiji_Ninohe%29.jpg?utm_source=commons.wikimedia.org&utm_campaign=imageinfo&utm_content=thumbnail_unscaled,image/jpeg,294,443,Anonymous Edo-period artist,Public domain,,Public domain,,http://www.bunka.pref.iwate.jp/ciss/bunkazai/detail/id/149,"Large Ema with Tachibana, Tendaiji, Ninohe, Iwate, Japan",C18,2026-09-23T09:57:56.351731+00:00,True,294,True,True,False,False,False,False,False,False,False,False,1,0,10
commons-0185,buddhist,architecture_context,Category:Buddhist temples in Japan,76168257,File:Moya hisashi az.svg,https://commons.wikimedia.org/wiki/File:Moya_hisashi_az.svg,https://upload.wikimedia.org/wikipedia/commons/b/bb/Moya_hisashi_az.svg?utm_source=commons.wikimedia.org&utm_campaign=imageinfo&utm_content=original,https://thumb.wikimedia.org/wikipedia/commons/thumb/b/bb/Moya_hisashi_az.svg/960px-Moya_hisashi_az.svg.png?utm_source=commons.wikimedia.org&utm_campaign=imageinfo&utm_content=thumbnail,image/svg+xml,600,600,Moya hisashi.svg : User:Urashimataro derivative work: White Demon,CC BY-SA 3.0,https://creativecommons.org/licenses/by-sa/3.0,Creative Commons Attribution-Share Alike 3.0,,This file was derived from: Moya hisashi.svg :,Moya və hisaşi diaqramla,2019-01-28,2026-09-23T09:57:56.351731+00:00,True,600,True,False,True,False,False,False,False,False,False,False,2,0,10
commons-0077,mixed,portable_object,Category:Omamori,212007,File:Amulette-japonaise.jpg,https://commons.wikimedia.org/wiki/File:Amulette-japonaise.jpg,https://upload.wikimedia.org/wikipedia/commons/3/32/Amulette-japonaise.jpg?utm_source=commons.wikimedia.org&utm_campaign=imageinfo&utm_content=original,https://thumb.wikimedia.org/wikipedia/commons/thumb/3/32/Amulette-japonaise.jpg/960px-Amulette-japonaise.jpg?utm_source=commons.wikimedia.org&utm_campaign=imageinfo&utm_content=thumbnail,image/jpeg,1064,1876,Rama,CeCILL,http://www.cecill.info/licences/Licence_CeCILL_V2-en.html,CEA CNRS INRIA Logiciel Libre,,Own work,Japanese amulet,"Taken on 10 June 2005, 18:58 (according to Exif data)",2026-09-23T09:57:56.351731+00:00,True,1064,False,False,False,False,False,False,False,True,False,False,1,0,10
commons-0079,mixed,portable_object,Category:Omamori,6355626,File:Jishu-Omamori.jpg,https://commons.wikimedia.org/wiki/File:Jishu-Omamori.jpg,https://upload.wikimedia.org/wikipedia/commons/a/ae/Jishu-Omamori.jpg?utm_source=commons.wikimedia.org&utm_campaign=imageinfo&utm_content=original,https://thumb.wikimedia.org/wikipedia/commons/thumb/a/ae/Jishu-Omamori.jpg/960px-Jishu-Omamori.jpg?utm_source=commons.wikimedia.org&utm_campaign=imageinfo&utm_content=thumbnail,image/jpeg,1000,594,Fg2,Public domain,,Public domain,,Own work by uploader. I took this photograph and contribute my rights in the file to the public domain. Individuals and organizations retain rights to images in the file.,"Omamori at Jishu Shrine in Kyoto, Japan 地主神社",Not recorded; circa 1995,2026-09-23T09:57:56.351731+00:00,True,594,True,False,False,False,False,False,False,False,False,False,1,0,10
commons-0088,mixed,portable_object,Category:Omamori,69481466,File:Houinmamori 01.jpg,https://commons.wikimedia.org/wiki/File:Houinmamori_01.jpg,https://upload.wikimedia.org/wikipedia/commons/c/ce/Houinmamori_01.jpg?utm_source=commons.wikimedia.org&utm_campaign=imageinfo&utm_content=original,https://upload.wikimedia.org/wikipedia/commons/c/ce/Houinmamori_01.jpg?utm_source=commons.wikimedia.org&utm_campaign=imageinfo&utm_content=thumbnail_unscaled,image/jpeg,381,645,Dokudami,CC BY-SA 4.0,https://creativecommons.org/licenses/by-sa/4.0,Creative Commons Attribution-Share Alike 4.0,,Own work,観自在寺の宝印守,2018-05-27,2026-09-23T09:57:56.351731+00:00,True,381,True,True,False,False,False,False,False,False,False,False,1,0,10
commons-0090,mixed,portable_object,Category:Omamori,114827679,"File:A shrine maiden distributes charms Omiya Hachimangu Shrine in Suginami, Tokyo.jpg","https://commons.wikimedia.org/wiki/File:A_shrine_maiden_distributes_charms_Omiya_Hachimangu_Shrine_in_Suginami,_Tokyo.jpg",https://upload.wikimedia.org/wikipedia/commons/1/11/A_shrine_maiden_distributes_charms_Omiya_Hachimangu_Shrine_in_Suginami%2C_Tokyo.jpg?utm_source=commons.wikimedia.org&utm_campaign=imageinfo&utm_content=original,https://upload.wikimedia.org/wikipedia/commons/1/11/A_shrine_maiden_distributes_charms_Omiya_Hachimangu_Shrine_in_Suginami%2C_Tokyo.jpg?utm_source=commons.wikimedia.org&utm_campaign=imageinfo&utm_content=thumbnail_unscaled,image/jpeg,715,953,Yukiusa,CC BY-SA 4.0,https://creativecommons.org/licenses/by-sa/4.0,Creative Commons Attribution-Share Alike 4.0,,Own work,"A shrine maiden distributes charms during the Shichigosan Pilgrimage at Omiya Hachimangu Shrine in Suginami, Tokyo.",2016-11-15,2026-09-23T09:57:56.351731+00:00,True,715,True,False,False,False,False,False,False,False,False,False,1,0,10
commons-0098,mixed,textual_object,Category:Omikuji,31403253,File:Birthday Horoscopes.jpg,https://commons.wikimedia.org/wiki/File:Birthday_Horoscopes.jpg,https://upload.wikimedia.org/wikipedia/commons/2/29/Birthday_Horoscopes.jpg?utm_source=commons.wikimedia.org&utm_campaign=imageinfo&utm_content=original,https://upload.wikimedia.org/wikipedia/commons/2/29/Birthday_Horoscopes.jpg?utm_source=commons.wikimedia.org&utm_campaign=imageinfo&utm_content=thumbnail_unscaled,image/jpeg,612,612,Yuko Honda,CC BY-SA 2.0,https://creativecommons.org/licenses/by-sa/2.0,Creative Commons Attribution-Share Alike 2.0,,Flickr : a stand of your fortune. あなたの運勢。,other,2012-01-04 01:06:10,2026-09-23T09:57:56.351731+00:00,True,612,True,False,False,False,False,False,False,False,False,False,1,0,10
commons-0124,mixed,purification_installation,Category:Chōzuya,137463677,File:Chinnan Shrine Chōzuya.jpg,https://commons.wikimedia.org/wiki/File:Chinnan_Shrine_Ch%C5%8Dzuya.jpg,https://upload.wikimedia.org/wikipedia/commons/9/96/Chinnan_Shrine_Ch%C5%8Dzuya.jpg?utm_source=commons.wikimedia.org&utm_campaign=imageinfo&utm_content=original,https://upload.wikimedia.org/wikipedia/commons/9/96/Chinnan_Shrine_Ch%C5%8Dzuya.jpg?utm_source=commons.wikimedia.org&utm_campaign=imageinfo&utm_content=thumbnail_unscaled,image/jpeg,658,587,Unknown Photographer,Public domain,,Public domain,,今西君代「鎮南神社建立裏方の思い出」（ジャワマラン会編『鳴動ジャワマラン会誌』18 頁、1982 年 12 月）,Chinnan Shrine's Chōzuya can be seen in the front-right of the shrine. The worship hall of Chinnan Shrine can be seen on the rear left.,1944,2026-09-23T09:57:56.351731+00:00,True,587,True,False,False,False,False,False,False,False,False,False,1,0,10
commons-0244,secular_control,street_object,Category:Bus stops in Japan,121344357,File:バスロケーションシステム初期型.jpg,https://commons.wikimedia.org/wiki/File:%E3%83%90%E3%82%B9%E3%83%AD%E3%82%B1%E3%83%BC%E3%82%B7%E3%83%A7%E3%83%B3%E3%82%B7%E3%82%B9%E3%83%86%E3%83%A0%E5%88%9D%E6%9C%9F%E5%9E%8B.jpg,https://upload.wikimedia.org/wikipedia/commons/8/82/%E3%83%90%E3%82%B9%E3%83%AD%E3%82%B1%E3%83%BC%E3%82%B7%E3%83%A7%E3%83%B3%E3%82%B7%E3%82%B9%E3%83%86%E3%83%A0%E5%88%9D%E6%9C%9F%E5%9E%8B.jpg?utm_source=commons.wikimedia.org&utm_campaign=imageinfo&utm_content=original,https://upload.wikimedia.org/wikipedia/commons/8/82/%E3%83%90%E3%82%B9%E3%83%AD%E3%82%B1%E3%83%BC%E3%82%B7%E3%83%A7%E3%83%B3%E3%82%B7%E3%82%B9%E3%83%86%E3%83%A0%E5%88%9D%E6%9C%9F%E5%9E%8B.jpg?utm_source=commons.wikimedia.org&utm_campaign=imageinfo&utm_content=thumbnail_unscaled,image/jpeg,240,320,GOODPRO ( talk · contribs ),CC BY-SA 3.0,http://creativecommons.org/licenses/by-sa/3.0/,Creative Commons Attribution-Share Alike 3.0,,Own work,ファイルネームの日付に撮影。 ja:バスロケーションシステム 初期型 GOODPRO 撮影。,,2026-09-23T09:57:56.351731+00:00,True,240,True,True,False,False,False,False,False,False,False,False,1,0,10
commons-0280,secular_control,household_display,Category:Tokonoma,63426334,File:Culto do chá p96.png,https://commons.wikimedia.org/wiki/File:Culto_do_ch%C3%A1_p96.png,https://upload.wikimedia.org/wikipedia/commons/4/4b/Culto_do_ch%C3%A1_p96.png?utm_source=commons.wikimedia.org&utm_campaign=imageinfo&utm_content=original,https://upload.wikimedia.org/wikipedia/commons/4/4b/Culto_do_ch%C3%A1_p96.png?utm_source=commons.wikimedia.org&utm_campaign=imageinfo&utm_content=thumbnail_unscaled,image/png,572,615,Yoshiaki Utagawa,Public domain,,Public domain,,O culto do chá,Ilustração na obra O culto do chá .,1905,2026-09-23T09:57:56.351731+00:00,True,572,True,False,False,False,False,False,False,False,False,False,1,0,10
commons-0308,secular_control,street_object,Category:Vending machines in Kyoto,128684454,File:E-40 （イーフォーティ）操作部.jpg,https://commons.wikimedia.org/wiki/File:E-40_%EF%BC%88%E3%82%A4%E3%83%BC%E3%83%95%E3%82%A9%E3%83%BC%E3%83%86%E3%82%A3%EF%BC%89%E6%93%8D%E4%BD%9C%E9%83%A8.jpg,https://upload.wikimedia.org/wikipedia/commons/f/f1/E-40_%EF%BC%88%E3%82%A4%E3%83%BC%E3%83%95%E3%82%A9%E3%83%BC%E3%83%86%E3%82%A3%EF%BC%89%E6%93%8D%E4%BD%9C%E9%83%A8.jpg?utm_source=commons.wikimedia.org&utm_campaign=imageinfo&utm_content=original,https://thumb.wikimedia.org/wikipedia/commons/thumb/f/f1/E-40_%EF%BC%88%E3%82%A4%E3%83%BC%E3%83%95%E3%82%A9%E3%83%BC%E3%83%86%E3%82%A3%EF%BC%89%E6%93%8D%E4%BD%9C%E9%83%A8.jpg/960px-E-40_%EF%BC%88%E3%82%A4%E3%83%BC%E3%83%95%E3%82%A9%E3%83%BC%E3%83%86%E3%82%A3%EF%BC%89%E6%93%8D%E4%BD%9C%E9%83%A8.jpg?utm_source=commons.wikimedia.org&utm_campaign=imageinfo&utm_content=thumbnail,image/jpeg,1024,683,Sandwich,Public domain,,Public domain,,Sandwich本人が撮影,日本コカ･コーラのベンダーe-40 （イーフォーティ）操作部,2008-11-24,2026-09-23T09:57:56.351731+00:00,True,683,True,False,False,False,False,False,False,False,False,False,1,0,10
commons-0011,shinto,threshold,Category:Torii in Japan,66354203,File:Kamotsuba Jinja Torii.jpg,https://commons.wikimedia.org/wiki/File:Kamotsuba_Jinja_Torii.jpg,https://upload.wikimedia.org/wikipedia/commons/c/c2/Kamotsuba_Jinja_Torii.jpg?utm_source=commons.wikimedia.org&utm_campaign=imageinfo&utm_content=original,https://thumb.wikimedia.org/wikipedia/commons/thumb/c/c2/Kamotsuba_Jinja_Torii.jpg/960px-Kamotsuba_Jinja_Torii.jpg?utm_source=commons.wikimedia.org&utm_campaign=imageinfo&utm_content=thumbnail,image/jpeg,1024,576,Zeter114514,CC BY-SA 4.0,https://creativecommons.org/licenses/by-sa/4.0,Creative Commons Attribution-Share Alike 4.0,,Own work,鴨都波神社鳥居,2018-02-11,2026-09-23T09:57:56.351731+00:00,True,576,True,False,False,False,False,False,False,False,False,False,1,0,10
commons-0016,shinto,threshold,Category:Torii in Japan,112488358,File:Joyo banner.jpg,https://commons.wikimedia.org/wiki/File:Joyo_banner.jpg,https://upload.wikimedia.org/wikipedia/commons/1/13/Joyo_banner.jpg?utm_source=commons.wikimedia.org&utm_campaign=imageinfo&utm_content=original,https://thumb.wikimedia.org/wikipedia/commons/thumb/1/13/Joyo_banner.jpg/960px-Joyo_banner.jpg?utm_source=commons.wikimedia.org&utm_campaign=imageinfo&utm_content=thumbnail,image/jpeg,3072,438,"Akeiro Torii , cropped by Tmv",CC BY-SA 3.0,https://creativecommons.org/licenses/by-sa/3.0,Creative Commons Attribution-Share Alike 3.0,Akeiro Torii,https://web.archive.org/web/20161025012234/http://www.panoramio.com/photo/76189161,水主神社,29 July 2012 (original upload date),2026-09-23T09:57:56.351731+00:00,True,438,True,True,False,False,False,False,False,False,False,False,1,0,10
commons-0019,shinto,boundary_marker,Category:Shimenawa,9105650,File:Big-Okazari.jpg,https://commons.wikimedia.org/wiki/File:Big-Okazari.jpg,https://upload.wikimedia.org/wikipedia/commons/a/af/Big-Okazari.jpg?utm_source=commons.wikimedia.org&utm_campaign=imageinfo&utm_content=original,https://upload.wikimedia.org/wikipedia/commons/a/af/Big-Okazari.jpg?utm_source=commons.wikimedia.org&utm_campaign=imageinfo&utm_content=thumbnail_unscaled,image/jpeg,640,480,自身編集,CC BY 3.0,https://creativecommons.org/licenses/by/3.0,Creative Commons Attribution 3.0,,自身撮影,Japanese New Year wreath.,2010-01,2026-09-23T09:57:56.351731+00:00,True,480,True,True,False,False,False,False,False,False,False,False,1,0,10
commons-0040,shinto,household_display,Category:Kamidana,3277690,File:Kamidana with kagamimochi offering by shig2006 in Hitachinaka.jpg,https://commons.wikimedia.org/wiki/File:Kamidana_with_kagamimochi_offering_by_shig2006_in_Hitachinaka.jpg,https://upload.wikimedia.org/wikipedia/commons/1/1e/Kamidana_with_kagamimochi_offering_by_shig2006_in_Hitachinaka.jpg?utm_source=commons.wikimedia.org&utm_campaign=imageinfo&utm_content=original,https://upload.wikimedia.org/wikipedia/commons/1/1e/Kamidana_with_kagamimochi_offering_by_shig2006_in_Hitachinaka.jpg?utm_source=commons.wikimedia.org&utm_campaign=imageinfo&utm_content=thumbnail_unscaled,image/jpeg,600,398,"shig2006 from Hitachinaka, Ibaraki",CC BY 2.0,https://creativecommons.org/licenses/by/2.0,Creative Commons Attribution 2.0,,Flickr,Kamidana - a household Shinto altar,2007-01-01,2026-09-23T09:57:56.351731+00:00,True,398,True,True,False,False,False,False,False,False,False,False,1,0,10
commons-0055,shinto,votive_object,Category:Ema (Shinto),42558657,File:Ema by Utagawa Kunitsune (Hibita Jinja Isehara).jpg,https://commons.wikimedia.org/wiki/File:Ema_by_Utagawa_Kunitsune_(Hibita_Jinja_Isehara).jpg,https://upload.wikimedia.org/wikipedia/commons/4/4e/Ema_by_Utagawa_Kunitsune_%28Hibita_Jinja_Isehara%29.jpg?utm_source=commons.wikimedia.org&utm_campaign=imageinfo&utm_content=original,https://upload.wikimedia.org/wikipedia/commons/4/4e/Ema_by_Utagawa_Kunitsune_%28Hibita_Jinja_Isehara%29.jpg?utm_source=commons.wikimedia.org&utm_campaign=imageinfo&utm_content=thumbnail_unscaled,image/jpeg,495,699,Utagawa Kunitsune 歌川国経,Public domain,,Public domain,,http://5.pro.tok2.com/~tetsuyosie/kanagawa/iseharasi/HibitaKamikasuya/hibita.html,"Beautiful Women ita-e, ema by Utagawa Kunitsune, Hibita Jinja, Isehara, Kanagawa, Japan",1802,2026-09-23T09:57:56.351731+00:00,True,495,True,True,False,False,False,False,False,False,False,False,1,0,10
commons-0149,buddhist,household_display,Category:Butsudan,1801262,File:Japanese Buddhist altar 001.jpg,https://commons.wikimedia.org/wiki/File:Japanese_Buddhist_altar_001.jpg,https://upload.wikimedia.org/wikipedia/commons/b/b2/Japanese_Buddhist_altar_001.jpg?utm_source=commons.wikimedia.org&utm_campaign=imageinfo&utm_content=original,https://upload.wikimedia.org/wikipedia/commons/b/b2/Japanese_Buddhist_altar_001.jpg?utm_source=commons.wikimedia.org&utm_campaign=imageinfo&utm_content=thumbnail_unscaled,image/jpeg,960,1280,,CC BY 2.1 jp,https://creativecommons.org/licenses/by/2.1/jp/deed.en,Creative Commons Attribution 2.1 jp,,,,,2026-09-23T09:57:56.351731+00:00,True,960,False,False,False,True,True,False,False,False,False,True,0,2,2
commons-0166,buddhist,votive_object,Category:Ema (Buddhism),201566,File:EmaTakahataFudo6120.jpg,https://commons.wikimedia.org/wiki/File:EmaTakahataFudo6120.jpg,https://upload.wikimedia.org/wikipedia/commons/8/8d/EmaTakahataFudo6120.jpg?utm_source=commons.wikimedia.org&utm_campaign=imageinfo&utm_content=original,https://thumb.wikimedia.org/wikipedia/commons/thumb/8/8d/EmaTakahataFudo6120.jpg/960px-EmaTakahataFudo6120.jpg?utm_source=commons.wikimedia.org&utm_campaign=imageinfo&utm_content=thumbnail,image/jpeg,1250,874,,Public domain,,Public domain,,,,,2026-09-23T09:57:56.351731+00:00,True,874,False,False,False,True,True,False,False,False,False,True,0,2,2
commons-0167,buddhist,votive_object,Category:Ema (Buddhism),201569,File:EmaHijikataToshizo6122.jpg,https://commons.wikimedia.org/wiki/File:EmaHijikataToshizo6122.jpg,https://upload.wikimedia.org/wikipedia/commons/8/84/EmaHijikataToshizo6122.jpg?utm_source=commons.wikimedia.org&utm_campaign=imageinfo&utm_content=original,https://thumb.wikimedia.org/wikipedia/commons/thumb/8/84/EmaHijikataToshizo6122.jpg/960px-EmaHijikataToshizo6122.jpg?utm_source=commons.wikimedia.org&utm_campaign=imageinfo&utm_content=thumbnail,image/jpeg,1250,774,,Public domain,,Public domain,,,,,2026-09-23T09:57:56.351731+00:00,True,774,False,False,False,True,True,False,False,False,False,True,0,2,2
commons-0113,mixed,purification_installation,Category:Chōzuya,73948,File:Chozubachi.jpg,https://commons.wikimedia.org/wiki/File:Chozubachi.jpg,https://upload.wikimedia.org/wikipedia/commons/0/0f/Chozubachi.jpg?utm_source=commons.wikimedia.org&utm_campaign=imageinfo&utm_content=original,https://thumb.wikimedia.org/wikipedia/commons/thumb/0/0f/Chozubachi.jpg/960px-Chozubachi.jpg?utm_source=commons.wikimedia.org&utm_campaign=imageinfo&utm_content=thumbnail,image/jpeg,1024,768,,CC BY-SA 3.0,http://creativecommons.org/licenses/by-sa/3.0/,Creative Commons Attribution-Share Alike 3.0,,,,,2026-09-23T09:57:56.351731+00:00,True,768,False,False,False,True,True,False,False,False,False,True,0,2,2
commons-0035,shinto,boundary_marker,Category:Shimenawa,120930052,File:Amatsujinja03.JPG,https://commons.wikimedia.org/wiki/File:Amatsujinja03.JPG,https://upload.wikimedia.org/wikipedia/commons/d/db/Amatsujinja03.JPG?utm_source=commons.wikimedia.org&utm_campaign=imageinfo&utm_content=original,https://thumb.wikimedia.org/wikipedia/commons/thumb/d/db/Amatsujinja03.JPG/960px-Amatsujinja03.JPG?utm_source=commons.wikimedia.org&utm_campaign=imageinfo&utm_content=thumbnail,image/jpeg,1600,1200,,CC BY 2.0,https://creativecommons.org/licenses/by/2.0,Creative Commons Attribution 2.0,,,,,2026-09-23T09:57:56.351731+00:00,True,1200,False,False,False,True,True,False,False,False,False,True,0,2,2
commons-0087,mixed,portable_object,Category:Omamori,65535025,File:Lucky charms on sale in Meiji Jingu shrine.jpg,https://commons.wikimedia.org/wiki/File:Lucky_charms_on_sale_in_Meiji_Jingu_shrine.jpg,https://upload.wikimedia.org/wikipedia/commons/8/8b/Lucky_charms_on_sale_in_Meiji_Jingu_shrine.jpg?utm_source=commons.wikimedia.org&utm_campaign=imageinfo&utm_content=original,https://thumb.wikimedia.org/wikipedia/commons/thumb/8/8b/Lucky_charms_on_sale_in_Meiji_Jingu_shrine.jpg/960px-Lucky_charms_on_sale_in_Meiji_Jingu_shrine.jpg?utm_source=commons.wikimedia.org&utm_campaign=imageinfo&utm_content=thumbnail,image/jpeg,3264,2448,Pocsywe,CC0,http://creativecommons.org/publicdomain/zero/1.0/deed.en,"Creative Commons Zero, Public Domain Dedication",,Own work,,14 January 2018 (according to Exif data),2026-09-23T09:57:56.351731+00:00,True,2448,False,False,False,False,True,False,False,False,False,True,0,1,1
commons-0277,secular_control,household_display,Category:Tokonoma,60629103,File:Cha no yu nichinichisō by Mizuno Toshikata 07.jpg,https://commons.wikimedia.org/wiki/File:Cha_no_yu_nichinichis%C5%8D_by_Mizuno_Toshikata_07.jpg,https://upload.wikimedia.org/wikipedia/commons/e/e6/Cha_no_yu_nichinichis%C5%8D_by_Mizuno_Toshikata_07.jpg?utm_source=commons.wikimedia.org&utm_campaign=imageinfo&utm_content=original,https://thumb.wikimedia.org/wikipedia/commons/thumb/e/e6/Cha_no_yu_nichinichis%C5%8D_by_Mizuno_Toshikata_07.jpg/960px-Cha_no_yu_nichinichis%C5%8D_by_Mizuno_Toshikata_07.jpg?utm_source=commons.wikimedia.org&utm_campaign=imageinfo&utm_content=thumbnail,image/jpeg,1726,1144,Toshikata Mizuno,Public domain,,Public domain,,http://free-artworks.gatag.net/tag/%E8%8C%B6%E3%81%AE%E6%B9%AF%E6%97%A5%E3%80%85%E8%8D%89,"Replenish the fire with charcoal, from the series A Tea Ceremony Periwinkle, woodblock print",明治29年出版,2026-09-23T09:57:56.351731+00:00,True,1144,False,False,False,False,False,False,False,False,True,True,0,1,1
commons-0283,secular_control,household_display,Category:Tokonoma,114823235,File:A MEAL. (1910) - illustration - page 063.png,https://commons.wikimedia.org/wiki/File:A_MEAL._(1910)_-_illustration_-_page_063.png,https://upload.wikimedia.org/wikipedia/commons/0/0d/A_MEAL._%281910%29_-_illustration_-_page_063.png?utm_source=commons.wikimedia.org&utm_campaign=imageinfo&utm_content=original,https://thumb.wikimedia.org/wikipedia/commons/thumb/0/0d/A_MEAL._%281910%29_-_illustration_-_page_063.png/960px-A_MEAL._%281910%29_-_illustration_-_page_063.png?utm_source=commons.wikimedia.org&utm_campaign=imageinfo&utm_content=thumbnail,image/png,1183,777,Unknown author Unknown author,Public domain,,Public domain,,https://www.gutenberg.org/ebooks/65870,"Illustration from page 063 of A MEAL. . Image reference: ""18"" Caption: ""A MEAL.""",1910,2026-09-23T09:57:56.351731+00:00,True,777,False,False,False,False,False,False,False,False,True,True,0,1,1
commons-0296,secular_control,street_object,Category:Vending machines in Kyoto,31174095,File:Porn vending machines in Japan 02.jpg,https://commons.wikimedia.org/wiki/File:Porn_vending_machines_in_Japan_02.jpg,https://upload.wikimedia.org/wikipedia/commons/8/81/Porn_vending_machines_in_Japan_02.jpg?utm_source=commons.wikimedia.org&utm_campaign=imageinfo&utm_content=original,https://thumb.wikimedia.org/wikipedia/commons/thumb/8/81/Porn_vending_machines_in_Japan_02.jpg/960px-Porn_vending_machines_in_Japan_02.jpg?utm_source=commons.wikimedia.org&utm_campaign=imageinfo&utm_content=thumbnail,image/jpeg,1600,1200,Patrick Yodarus,CC BY-SA 2.0,https://creativecommons.org/licenses/by-sa/2.0,Creative Commons Attribution-Share Alike 2.0,,Flickr : IMG_0908,,2001-05-27 19:39:38,2026-09-23T09:57:56.351731+00:00,True,1200,False,False,False,False,True,False,False,False,False,True,0,1,1
commons-0309,secular_control,street_object,Category:Vending machines in Kyoto,150904367,File:At Kyoto 2024 195.jpg,https://commons.wikimedia.org/wiki/File:At_Kyoto_2024_195.jpg,https://upload.wikimedia.org/wikipedia/commons/5/5c/At_Kyoto_2024_195.jpg?utm_source=commons.wikimedia.org&utm_campaign=imageinfo&utm_content=original,https://thumb.wikimedia.org/wikipedia/commons/thumb/5/5c/At_Kyoto_2024_195.jpg/960px-At_Kyoto_2024_195.jpg?utm_source=commons.wikimedia.org&utm_campaign=imageinfo&utm_content=thumbnail,image/jpeg,4032,3024,Photograph by Mike Peel ( www.mikepeel.net ).,CC BY-SA 4.0,https://creativecommons.org/licenses/by-sa/4.0,Creative Commons Attribution-Share Alike 4.0,,Own work,,24 June 2024 13:10:40.648+09:00,2026-09-23T09:57:56.351731+00:00,True,3024,False,False,False,False,True,False,False,False,False,True,0,1,1
commons-0009,shinto,threshold,Category:Torii in Japan,53622408,File:- panoramio (3367).jpg,https://commons.wikimedia.org/wiki/File:-_panoramio_(3367).jpg,https://upload.wikimedia.org/wikipedia/commons/7/76/-_panoramio_%283367%29.jpg?utm_source=commons.wikimedia.org&utm_campaign=imageinfo&utm_content=original,https://thumb.wikimedia.org/wikipedia/commons/thumb/7/76/-_panoramio_%283367%29.jpg/960px--_panoramio_%283367%29.jpg?utm_source=commons.wikimedia.org&utm_campaign=imageinfo&utm_content=thumbnail,image/jpeg,4000,3000,Sato S,CC BY-SA 3.0,https://creativecommons.org/licenses/by-sa/3.0,Creative Commons Attribution-Share Alike 3.0,Sato S,https://web.archive.org/web/20161019201026/http://www.panoramio.com/photo/54725268,,Taken on 5 June 2011,2026-09-23T09:57:56.351731+00:00,True,3000,False,False,False,False,True,False,False,False,False,True,0,1,1
commons-0050,shinto,household_display,Category:Kamidana,114823537,File:A SKYLIGHT AND THE KITCHEN-GOD. (1910) - illustration - page 067.png,https://commons.wikimedia.org/wiki/File:A_SKYLIGHT_AND_THE_KITCHEN-GOD._(1910)_-_illustration_-_page_067.png,https://upload.wikimedia.org/wikipedia/commons/7/76/A_SKYLIGHT_AND_THE_KITCHEN-GOD._%281910%29_-_illustration_-_page_067.png?utm_source=commons.wikimedia.org&utm_campaign=imageinfo&utm_content=original,https://upload.wikimedia.org/wikipedia/commons/7/76/A_SKYLIGHT_AND_THE_KITCHEN-GOD._%281910%29_-_illustration_-_page_067.png?utm_source=commons.wikimedia.org&utm_campaign=imageinfo&utm_content=thumbnail_unscaled,image/png,789,1034,Unknown author Unknown author,Public domain,,Public domain,,https://www.gutenberg.org/ebooks/65870,"Illustration from page 067 of A SKYLIGHT AND THE KITCHEN-GOD. . Image reference: ""20"" Caption: ""A SKYLIGHT AND THE KITCHEN-GOD.""",1910,2026-09-23T09:57:56.351731+00:00,True,789,False,False,False,False,False,False,False,False,True,True,0,1,1
